sample	TAL1	MEIS1	RUNX1	NPM1	FLT3	MPO	SPI1	ELANE	IDH1	KIT	GATA1	KLF1	DNMT3A	CSF3R	GATA2	IDH2	SOD1	cell_type
 HSC CD38- CD34+	12.1477077179	10.1397350647	12.3167542276	13.3832413962	9.03442305575	9.2800976793	6.1242530911	6.19985057826	12.0763392489	10.6562504847	6.33586477641	9.05376724675	6.40690019495	5.47243045819	11.3809052255	9.39086648838	11.7955918137	 HSC CD38- CD34+
 HSC CD38- CD34+.1	12.1976298722	10.702625459	12.2938481961	13.3611973093	9.26236124932	7.14576808534	6.13493149107	5.58113238809	11.8657907426	10.6770010132	5.92207514181	7.22760058453	5.778715469	5.69163750959	11.3020221852	9.15635177183	11.6022074256	 HSC CD38- CD34+
 HSC CD38- CD34+.2	12.3686264283	10.6975057319	12.3611970271	13.2485505855	9.18101788288	8.0470842719	6.65656402329	5.86576475425	11.8329545119	11.0292628808	5.74596559	7.72724432056	6.9875085903	5.58144822227	10.7719384707	9.56644333936	11.9167222525	 HSC CD38- CD34+
 HSC CD38- CD34+.3	12.0599357206	10.496573401	12.4024046783	13.2890568451	9.99879187315	7.63411298698	6.01564947772	5.43625454408	11.8707074327	10.4568750052	5.75062621578	6.85569953105	5.8233975048	5.34674278267	10.9222472632	8.98755005632	11.7286167699	 HSC CD38- CD34+
B-cell class can switch	6.59475661294	5.61998160999	10.8455224525	13.1080186105	5.33639219945	5.81094361578	6.5658979263	5.37240336806	10.388342008	6.0763521174	5.66526181572	5.4053029182	5.61970510842	5.26465530309	6.65789963414	8.3633530521	10.9409317451	B-cell class can switch
B-cell class can switch.1	6.33470396306	5.39200165375	10.6980669805	13.1268956137	5.42184775821	5.7078910312	6.62400284313	5.13785332598	10.2520193472	6.3096404272	5.66065678215	5.1141004518	5.72529431633	5.5644931683	5.91193848536	8.67217812265	11.2545401679	B-cell class can switch
B-cell class can switch.2	6.33709591835	5.41310292704	10.6856491212	13.0726422299	5.56802779328	6.08071821948	6.4363160213	5.3700642054	10.4674982515	5.88647229146	5.64293065718	5.18466001356	5.51292428179	5.32972677033	6.21643549644	7.87351662536	10.878537226	B-cell class can switch
B-cell class can switch.3	7.17398703772	5.67182853669	10.0684153191	13.0993584865	5.40232792848	6.16212657385	6.51693117605	5.44818553168	9.70012475207	6.00065408822	5.70335391489	6.25205472534	5.41780214551	5.45070361338	6.00705373554	7.96550276065	11.0194781281	B-cell class can switch
B-cell class can switch.4	6.49425877279	5.64093303931	10.5641338088	12.9741821423	5.3881773896	5.87753302513	6.75549406005	5.52112112834	9.92634199075	5.93031489374	5.48634280602	5.20548441198	5.83679634795	5.3165221053	6.0215999393	8.69966336438	10.927784259	B-cell class can switch
B-cell class switched	6.48227362258	5.43420895551	10.4024993989	13.0803272451	5.33127825196	5.78608587416	6.62287867527	5.25395130034	10.5447635424	6.10577114072	5.48298388129	4.86102088541	5.40592786608	5.08665071213	5.84040560067	8.36609279893	11.2722812805	B-cell class switched
B-cell class switched.1	6.06922323777	5.71536646393	8.83148876573	13.1032304893	5.24454989539	5.92567438009	6.17796049475	5.23480368262	8.95271005605	6.07306307171	5.48240717552	5.67660485523	5.58870598853	5.36990619363	6.31092638368	7.41673895494	10.6378766696	B-cell class switched
B-cell class switched.2	6.46079327591	5.08868819459	10.2355716998	13.0437673682	5.3628242786	5.86848570511	6.33706542031	5.24003623784	10.5581073359	6.11261436251	5.42855441864	4.82865387796	5.36200792914	5.35121293691	5.78005969235	8.16253294952	10.971071335	B-cell class switched
B-cell class switched.3	6.30422454886	5.18389597525	10.2643849756	13.1255140872	5.74327160537	5.91160996354	6.31891199674	5.35516412031	10.0951189202	6.1203727496	5.79344122549	5.30751421611	5.62487143184	5.28182694742	5.98377740025	8.27471733275	11.1867693214	B-cell class switched
B-cell class switched.4	6.46081044646	5.64370855368	10.4651333884	12.9805329479	5.64965519712	6.03239526286	6.40873000289	5.21042176607	10.1825707759	5.9154191689	5.48486848806	5.41857945009	5.66549179519	5.44149624039	5.72611852282	8.48518472075	10.9920359492	B-cell class switched
B-cells	5.89793641814	5.48838549381	10.5550760543	13.0265365599	5.35352303707	5.38293550161	6.54860132803	5.56646416919	10.853006987	5.63259481049	5.52617909217	5.1649757431	5.57444579999	5.18577395765	6.51238406731	7.64851286541	10.8413359813	B-cells
B-cells.1	6.4245432485	6.24976929897	9.99882140971	13.0058742818	6.07608836207	6.73470103503	5.97163542574	5.62821550491	10.3442525148	6.42360584342	5.83267198841	5.07651114886	5.40652395416	5.49982649898	6.24320511665	7.87230304364	10.5317554082	B-cells
B-cells.2	6.17593830371	5.49291407808	10.4483593446	12.9806018665	5.36895349626	5.79242894919	6.54355718469	5.38149100054	10.8160716952	6.05268827291	5.54872759763	4.73624548563	5.56063221545	5.45198791634	6.02343860909	7.6170383373	10.8562314059	B-cells
B-cells.3	6.39048699813	5.46737847247	10.536816851	12.9341745588	5.48478366991	5.56777105059	6.25026267201	5.2412089555	9.96678607123	6.07323419458	5.84205828416	5.58995304636	5.35003603693	5.45640414602	6.98361705085	8.00421662349	11.0022931141	B-cells
B-cells.4	6.70296907441	5.20270593066	10.8157215352	12.8871101432	5.38378828711	6.48392938487	5.96099112025	5.5437591422	10.2923632159	6.04949350296	5.88917888524	6.02346301977	5.35967688756	5.16910862351	6.17406705474	8.11654316307	10.7851013074	B-cells
Basophils	9.63014190078	5.92060001439	10.1746863136	12.1246519979	7.87496475237	10.5242987718	7.01820414205	5.36052519919	10.6452111848	8.04739475939	5.35916304238	6.86261036824	5.90963289316	5.1133212981	7.61329899357	6.55768774429	10.0252896616	Basophils
Basophils.1	9.4254477016	6.11885361591	10.6642628106	12.0562525528	6.67541561043	9.37601382529	6.97270378357	5.41201530479	10.6205482862	7.79421703859	5.07441113148	6.5254398028	5.9925466909	5.80586179773	8.05851147456	6.71773429577	8.99023016703	Basophils
Basophils.2	7.85675933084	5.97836726175	9.57732829113	11.1805325734	5.74902268645	6.21488576322	7.10691705598	6.29299150917	8.94798509885	6.41118416982	5.61853460165	8.29674266835	6.17044135936	5.16709343576	5.7945542668	6.75810315367	8.69748803086	Basophils
Basophils.3	8.02143966282	5.982123536	9.77967258888	11.8122050701	5.46278617815	6.08262231633	6.2082869404	5.43397081956	10.1468392222	6.80487895471	5.3831686262	7.75802227533	5.80176024497	5.40576844574	5.98221152039	6.53660491559	9.41167809463	Basophils
Basophils.4	9.66818753379	6.56302747706	10.3791453989	11.9858605047	5.49693015136	9.6565440505	6.46105711333	5.99472646408	10.5042279128	6.62309554415	5.46984003268	7.0373409078	6.20067332178	6.26184889855	6.50071412744	6.75965221374	9.53775372696	Basophils
Basophils.5	7.96054433524	5.84729353794	10.1294947565	12.3607428097	5.3939245512	7.13239177663	6.58797065404	5.64064901002	10.0253068583	6.30441261981	5.46510067997	6.82526418872	6.0729440646	5.40087010581	6.18774052247	6.81128324127	10.2085807015	Basophils
CD4+Centr.Mem.	7.22645794043	6.26875969108	10.9918906418	12.6663028448	5.33955124407	5.44593435758	6.00713123114	5.32653766149	9.53838469953	6.23144027717	5.18777886031	6.51280813799	6.18858544695	5.13627352081	6.00024120908	7.81681292657	10.9063144294	CD4+Centr
CD4+Centr.Mem..1	7.71231973773	6.11908416627	10.5026848743	12.2145958169	5.56361011332	5.30196289132	5.9148048532	5.37964442673	9.53024844834	6.09803766352	5.48682128487	7.00094853979	6.00200221976	5.32391386416	5.98640691234	7.13060952049	10.6591430301	CD4+Centr
CD4+Centr.Mem..2	6.56580095607	5.40021138396	11.2580023886	13.0400026336	5.63860414105	5.52697320351	5.77437333467	5.40473807104	10.5459861179	5.95266196461	5.7341984861	5.44398970639	6.17876516013	4.96034765877	5.81500960151	8.43468221241	11.0360991707	CD4+Centr
CD4+Centr.Mem..3	6.44414105804	5.78450896701	11.2578179155	13.1006202678	5.25456905606	5.3368832587	5.7882797789	5.13416544857	9.33636918167	5.84207956277	5.36120533955	6.20258038842	5.76450614346	5.2560683358	6.10733951231	8.13085548934	11.715418671	CD4+Centr
CD4+Centr.Mem..4	6.62423011652	5.78962704946	11.4830392969	13.1746876016	5.50556778773	5.46460242156	5.93096056531	5.17786665159	9.07022129593	6.31998606318	5.46315107277	6.35316782186	5.94390094714	5.02950309383	5.95973161737	7.69132158166	11.3437491834	CD4+Centr
CD4+Centr.Mem..5	6.63868700902	5.75677408395	11.7380798884	13.2536250012	5.46956438177	5.9518100886	5.47753840074	5.33674115932	9.99527738992	6.37271389231	5.80613639563	5.9502063629	6.23628735115	5.17980951926	5.65557727817	8.4178276506	11.2811730245	CD4+Centr
CD4+Centr.Mem..6	6.4618694243	5.28156845371	11.6110634163	13.0348593308	5.33660816574	5.76160676532	5.83776846343	5.12840947931	10.2053292682	5.75068660032	5.11139006925	6.42478251711	6.25242312185	5.048955442	5.72121702033	8.39809000209	11.1713507549	CD4+Centr
CD4+Effec.Mem.	8.07190229571	5.71628557034	10.6639979869	11.9597897902	5.26441422083	5.41801264755	6.17463146028	5.24382678039	8.7469879498	6.08812474279	5.40744418884	7.61298130034	6.15580296118	5.0859359322	5.78802132314	7.52068788782	10.842220786	CD4+Effec
CD4+Effec.Mem..1	8.17523604806	6.28438297257	10.3650552812	12.1336503068	5.70301526578	5.84132381943	6.29851803222	5.12082486381	8.86964745394	6.44702751821	5.36480861709	7.88503103986	5.89766317309	5.23495471348	5.94597716213	6.26870453774	10.0482821008	CD4+Effec
CD4+Effec.Mem..2	6.84594377486	5.52529823155	11.6019660617	13.0608393709	5.19079561555	5.52960562605	5.44071952445	5.16216168629	10.6214755784	6.41680365153	5.51468604005	5.06446878075	5.95318387572	5.20970429019	5.54296814736	8.69452892786	11.098122936	CD4+Effec
CD4+Effec.Mem..3	6.89455044036	5.87531721514	11.5063117329	13.0218348953	5.68707238817	5.71949876073	6.16269418713	5.34364335219	9.1353959262	6.14640851239	5.41533780866	6.7410523166	5.53185481418	4.99286840065	5.63292831398	8.15594005937	11.2639249061	CD4+Effec
CD4+Effec.Mem..4	6.36754738334	5.66395865923	11.6819925436	13.0547638328	5.61004048738	6.2059763035	5.93719871088	5.43422117317	10.1107865618	8.36726902742	5.63997676769	5.26141540762	5.87815284579	5.42044531495	5.65709550503	8.12498602241	10.9155817627	CD4+Effec
CD4+Effec.Mem..5	6.7226154821	5.80273496538	11.7373514331	13.1170443778	5.49705128512	5.66889725291	5.81361918828	5.11570184265	9.13365916143	6.64567419294	5.08752831996	6.01731072255	6.09110458088	4.98584969263	5.94634717094	8.17382521192	11.2366061333	CD4+Effec
CD4+Effec.Mem..6	7.22638942112	5.3016710426	11.6070652458	12.9460323729	5.39910643642	5.68814590914	5.86812458263	5.29913067866	10.1859630219	6.03654618966	5.34462867185	6.51084588381	5.68090990798	5.17820816223	5.84810586269	8.13794172053	11.1012051022	CD4+Effec
CD8+Centr.Mem.	6.83482869573	6.18940340686	10.4160833579	12.3076260791	5.2922879447	5.73263503909	6.01201346807	5.62964060637	9.75583128031	6.53456360786	5.30587887784	6.85951792221	5.91406281548	5.06936992889	5.76339613655	7.07422214336	10.1718426011	CD8+Centr
CD8+Centr.Mem..1	8.592262698	6.09354178285	10.2758581809	12.2528323109	5.55161228461	5.49008673318	6.32623637275	5.6774936151	9.88325747012	6.29762942764	5.30018079171	6.59384130913	6.04569978537	5.14113795976	5.94662854496	6.4544312114	10.4477840802	CD8+Centr
CD8+Centr.Mem..2	6.75731933875	5.0604325207	11.0517894074	13.0147647788	5.22175835904	6.17897505063	5.51573954579	5.52293528577	10.7354936994	6.49286468595	5.51064957945	5.13208938348	5.77009114614	5.23513816587	6.28670610112	8.42620336079	11.1082782285	CD8+Centr
CD8+Centr.Mem..3	6.16707839515	5.37923971359	11.2774334209	13.0713703826	5.4510074576	6.18319530416	5.96039791408	5.33464333366	10.1545091232	6.29897125424	5.5737547997	5.66551669376	5.74499805831	5.24098751833	5.75418713765	8.54324827053	10.9144849933	CD8+Centr
CD8+Centr.Mem..4	6.6206026744	5.04960404061	11.5329393156	13.0781986269	5.41893719116	5.91173234868	5.59192085633	5.37091011774	10.162659042	5.96492437417	5.57764773876	5.65088040475	5.74811240747	5.15701587602	6.53395705215	8.46280149026	10.8812672115	CD8+Centr
CD8+Centr.Mem..5	6.48362579373	5.40935341319	11.4715198861	13.1092936093	5.65757972055	5.83678744223	5.45088769819	5.19743877373	10.2554401705	6.32975151431	5.26999882723	5.64309166865	6.0660246656	5.20267915849	6.24180483123	8.6606334743	11.1417493416	CD8+Centr
CD8+Centr.Mem..6	7.01749864182	5.58601906737	10.290942122	13.0444202359	5.54295167435	5.28157184011	6.35168873261	5.30587490203	8.78200308062	5.85955425304	5.53151979139	7.24918366757	6.07734830981	5.3600671119	6.27520003827	8.2776157457	10.6700173409	CD8+Centr
CD8+Effec.Mem.	7.72876002204	6.23183816682	10.3203919692	12.2222754551	5.51221679456	5.58496878187	6.38301130076	5.30267879773	9.42251194143	6.59355027183	5.23256910264	7.18661798078	5.80156176952	5.40087010581	5.64422285519	6.92462750493	10.1369224309	CD8+Effec
CD8+Effec.Mem..1	7.07395139158	6.14505544929	11.4371901676	12.9200188775	5.41421833333	5.29423841398	6.24772544822	5.39987018112	10.2373679259	6.24817739024	5.24443259467	6.43905014359	5.75836330845	5.1073274898	6.58171097412	8.52157304364	10.9218259097	CD8+Effec
CD8+Effec.Mem..2	6.64019413653	5.36843944377	11.689578095	13.0013992513	5.51051533891	5.61040444954	5.919646934	5.64498205752	9.74784539706	6.40656020561	5.34861171246	6.61065613075	5.56910301014	5.07693054478	6.29734683727	8.59221721495	11.3310473609	CD8+Effec
CD8+Effec.Mem..3	6.38687320367	5.11964527931	11.6976409098	13.1045486534	5.48102945324	5.67616032507	6.03029097032	5.29707350711	9.19145055606	6.52772551889	5.59079414495	6.61019786318	6.32697628995	5.16053932631	5.7976909568	9.14449407017	11.1016526644	CD8+Effec
CD8+Effec.Mem..4	6.48042784684	5.35207717644	11.7465440867	12.9198019131	5.3028886349	5.67994682942	5.26289124132	5.53330196006	10.0836368188	6.17171128577	5.41297849978	5.25590907832	5.64885630824	5.20504285732	6.02401878521	8.64701242421	11.0272404341	CD8+Effec
CD8+Effec.Mem..5	6.86738982884	5.69129277719	11.1601907705	12.9812717472	5.28502545434	5.41527372704	6.13548210754	5.43774251648	9.22328729826	6.27491337158	5.42950466418	7.67310229588	5.6264511431	5.27710487051	5.87887561817	8.09502290633	10.5243381487	CD8+Effec
CD8+Effec.Mem.RA	8.48837860333	6.27325276976	10.4784202712	11.444955177	5.62295561833	5.46480139307	6.93603281715	6.10664528228	9.48955060319	6.25151055189	5.47166802415	7.2781959026	5.84693953971	5.19757399143	6.07344581326	7.69106749361	9.85240393713	CD8+Effec
CD8+Effec.Mem.RA.1	7.94333976557	6.51840884549	11.4075978388	12.8991053886	5.62635359846	5.98788082771	7.03036817158	5.55149596824	10.5974711615	6.27387588395	5.69334944833	5.30123688863	5.49848798916	5.58697910073	8.68056439501	8.82344703121	10.7399571242	CD8+Effec
CD8+Effec.Mem.RA.2	6.73835549374	5.92020092944	11.8538691611	13.0359586986	5.32318168726	5.90729212901	5.16909243851	5.37986697685	10.8081669897	5.82065502426	5.47096666754	6.2001595314	5.61470294333	5.77701410275	5.95941562783	9.20572969048	11.001101793	CD8+Effec
CD8+Effec.Mem.RA.3	5.7023539156	5.12785580404	12.0357597636	12.8121484662	5.35816268866	5.7211317301	5.95799257795	5.28427593333	10.5544548824	5.97844300632	5.73689243715	5.30146716185	5.47803024575	5.14700613017	5.8480112986	9.16580502173	10.9690125881	CD8+Effec
CFU-Granulo	9.19394218439	5.84454247682	11.8177083901	13.0766631515	5.57250138799	5.97728248677	6.52352381849	5.32047089684	10.6016888463	6.56942803924	5.76564012549	5.7760662818	5.9933437394	5.14957565143	5.98193431896	9.00744634242	10.9564071065	CFU-Granulo
CFU-Granulo.1	6.53572364251	5.27395033245	11.5126925798	13.0858496705	5.45461123689	5.7026499181	6.39535415642	5.13088023263	10.6610917443	7.15031602232	5.3635910641	5.34053970117	5.90006046697	5.21709164572	5.52975223156	8.75960129728	10.810858305	CFU-Granulo
CFU-Granulo.2	12.2661528143	6.3603013056	11.0295947415	13.0765143182	6.46004371667	10.6926655246	5.93105153863	7.01558322248	11.1726711685	8.04783010468	5.88671991408	9.72234045555	5.47216592845	5.24418144626	7.55654449922	9.21868312756	11.6024773936	CFU-Granulo
CFU-Granulo.3	10.4352425965	6.39675372691	11.2181785484	13.1694082311	6.82661141541	9.22936251737	6.33531903631	5.84305580242	11.0364307035	7.78239330431	5.33067663197	6.48752647904	5.70206294397	5.24292373652	8.00658896808	8.64989899464	10.8779198475	CFU-Granulo
CFU-Granulo.4	10.5233454922	6.8025920002	11.3818486288	13.0931984682	5.63280543079	11.3685013458	6.80499154893	9.06422394464	11.4306930771	7.86912026429	5.6497082935	7.77351149083	5.92930501467	5.75713735907	6.99870408981	9.02450310456	10.8388094032	CFU-Granulo
CFU-Megakaryo	13.0757856992	9.29575534704	10.7248030351	12.2033835676	5.53024091093	6.74904309024	6.23807214548	5.37993341072	10.1677425137	6.68464180598	5.87491320153	6.86764181618	6.14713325953	5.40087010581	9.55151418074	7.65694597927	10.0321895468	CFU-Megakaryo
CFU-Megakaryo.1	12.260365688	8.57203888976	11.1137274912	12.0095791821	5.51993170879	8.7244742853	6.12902502748	6.30777838623	10.7258446711	8.03390360822	6.00088952253	9.25137141373	5.96197093626	5.35595994158	9.75956057237	7.82237363577	10.5032378384	CFU-Megakaryo
CFU-Megakaryo.2	11.8008136147	8.6601386546	11.45134119	12.2895593421	5.95346135654	8.32104876734	6.33389577347	5.48912953135	10.9105749675	8.60447567169	5.96181784479	8.70700992263	5.87498551787	5.30343362861	9.53054471961	7.60967311792	10.2764986883	CFU-Megakaryo
CFU-Megakaryo.3	12.3385358177	8.60310003296	12.0645266943	12.9753515133	5.79693308984	7.92850851772	6.59616793302	5.53336021119	11.2963805943	9.29367161591	6.41237034236	8.89212517536	6.00748738075	5.32045686808	10.849941393	8.52007556961	11.6502144428	CFU-Megakaryo
CFU-Megakaryo.4	11.5540793951	8.35977097439	12.1848386809	12.645139726	7.27001570252	8.19521727373	6.34449748066	5.88031531773	10.9738256479	9.69919943027	5.3373014687	8.11831393934	6.12822410889	5.44361888496	10.0507349739	8.47107116318	11.4205094529	CFU-Megakaryo
CFU-Mono	9.34880920992	5.58214096174	11.3154015248	12.0318553742	5.70891908931	12.1685334797	7.71666052494	10.2019914407	11.4704240099	6.69562472171	5.5587000131	6.84157593141	5.67090789587	7.36016293047	6.96752818257	7.61273827899	10.1530043278	CFU-Mono
CFU-Mono.1	11.1936548369	6.67575250386	11.6161653548	12.499549258	9.55126671077	12.0616732187	8.14831756355	7.36209370449	11.8838978814	10.1567645078	6.03573436312	7.29806871056	5.49726084785	6.41677390426	9.60337513037	8.60865280209	10.7599611818	CFU-Mono
CFU-Mono.2	10.0772166448	5.95650361368	9.76612530982	11.4882993627	5.69102817913	9.65071298708	8.44175285123	8.23704873913	10.2194443322	6.07963375892	5.77063611047	8.26421396171	6.36007754537	6.29659925248	6.01656141926	6.70826371584	9.44512643864	CFU-Mono
CFU-Mono.3	10.0843798439	6.61249145552	10.0431720142	11.5836052869	5.73216016069	10.7430679314	8.55368184136	7.860293404	10.9846188073	6.15749546337	5.57648560296	8.06479526214	6.68259193163	6.39670056352	6.25190969016	6.67860921332	9.06938535902	CFU-Mono
CMP	11.3516098884	7.26668029252	12.7714550503	13.3521101261	8.56378334489	12.7633360212	6.60409808689	6.41295703846	11.5818364359	11.2535869485	6.2380110049	7.62141887896	5.71604874724	6.12413228786	11.8113525388	8.96660296233	11.2998392346	CMP
CMP.1	11.2140965307	7.90496199333	11.8903707901	13.0600146704	6.29105305667	12.3293853603	6.77145076177	6.17844932388	11.4318406544	11.2302349401	5.60913495262	7.12844222428	5.7391916968	5.47281684868	11.2700536967	7.69958980481	10.7805636914	CMP
CMP.2	12.0720756667	7.08523597825	12.4625553557	13.303698396	6.3746148972	11.6585197609	7.33798409768	5.7460878363	11.7236768824	9.25410538055	5.95555738813	7.96097164931	7.07104368198	5.57384099379	11.6312498969	7.90246146231	11.1635635137	CMP
CMP.3	6.944155506	5.95155916783	9.2541913397	12.9684153727	5.57170299111	5.72507975951	6.35778012049	5.51725895254	5.97791024232	5.74820427181	5.70239104614	8.4022404385	5.75239256939	5.22515454587	5.72858196533	6.29018970697	10.946808325	CMP
Early B-cell	9.06682583422	6.39846789867	10.9440021933	12.1013238897	5.4550693879	5.82885686499	6.03698190174	5.94997485622	10.066168377	7.09511382297	5.41072908434	6.3768355193	5.85902431474	5.01258200688	6.51036521903	7.94194869979	10.3755349192	Early B-cell
Early B-cell.1	8.27789958309	6.37370006064	10.6601557831	11.7066456578	5.66407225182	6.23661619858	6.52870033576	6.42922321904	9.13845591803	6.62835344964	5.43084147334	7.16743400823	6.56153191466	5.08515780248	6.41007845803	6.41269771905	10.752874886	Early B-cell
Early B-cell.2	8.34772637984	6.80211528267	9.0320925014	11.1563178031	5.52312500987	6.70668495509	8.41818077581	7.14090427132	8.19734705089	6.58933494175	6.05897434805	8.02396001703	6.17327845116	5.58157802535	6.60654347152	6.61215280971	8.37583499367	Early B-cell
Early B-cell.3	10.1352027568	6.71481908864	9.66279261724	11.29016556	5.34252249252	9.74005881418	6.94581937057	7.77864417852	8.90401726303	7.22381470734	5.38274922184	8.66566070817	6.10095511194	6.13444947781	6.38941044244	6.90963041623	9.09567073174	Early B-cell
Eosinophill	8.47147908513	6.15061326193	10.2901356543	11.8142692864	5.82926666927	8.33902596488	6.42991628672	5.83883231763	10.2445900893	7.18718442901	5.27160229519	7.23281408861	5.8092545691	5.6612838411	9.68900317646	6.10873954668	9.07790358261	Eosinophill
Eosinophill.1	9.79374524506	5.83561099098	12.0436413414	12.7782428981	5.63413640211	6.36987877884	6.80638444446	5.37007857913	10.5654815285	7.24173978456	5.35140825101	6.85211967707	6.12797132979	5.65301258982	10.3301984526	7.64232367313	10.4366250602	Eosinophill
Eosinophill.2	10.1567022564	5.96195565614	12.3280970516	12.8316920052	6.92447615174	9.17245469551	6.43619979727	5.53624322947	11.0948095234	6.52884879286	5.42317028666	6.536683466	5.83808064725	5.35393579816	12.1408410101	7.80419978941	9.90738129644	Eosinophill
Eosinophill.3	9.45820374839	6.19583782972	11.4810499151	11.8132204809	6.18986565444	7.3280168501	6.29174823059	5.63913382323	10.8867034591	7.30054011058	5.08100999325	6.65833065693	5.76970459728	5.16128028229	10.2248456099	6.65238967587	9.75420106968	Eosinophill
Eosinophill.4	10.1571178146	6.25397078866	11.3553507009	12.0677292765	5.61525826529	10.9811890218	6.7502804647	8.11029909558	11.0459022817	7.02467261637	5.3097708826	6.35533546923	6.08126336535	7.11762153024	9.540354567	7.90163991667	9.39347973973	Eosinophill
Eryth.CD34+CD71+GlyA-	12.58718782	8.8589468796	12.1269577667	13.4853436032	5.60313146479	8.51541656585	6.26891428861	5.55228314233	11.3130687374	10.7976209376	5.80455052195	9.23393426238	5.97021828925	5.00094608132	11.420024994	8.8701613673	11.6334622515	Eryth
Eryth.CD34+CD71+GlyA-.1	11.5015172477	7.49709404888	11.2493136868	13.2758815629	5.86225790333	8.29216695363	6.39919431283	5.40916901415	10.6285655456	10.3430219619	5.9411160082	9.23315301254	5.60233377856	5.03033887388	10.7795410773	7.1993689698	10.2170010948	Eryth
Eryth.CD34+CD71+GlyA-.2	11.9769679466	9.22544086638	12.3734019567	13.5317357061	8.17972112782	10.7133578237	6.50909459788	5.31665127758	12.0590093978	10.8737933713	6.0191084641	7.95418508043	6.13873390356	5.53413408934	10.9643437091	8.75460150216	11.6400110152	Eryth
Eryth.CD34+CD71+GlyA-.3	11.9702084949	9.3422631622	12.2522771423	13.1178977782	6.83001352181	11.1499386407	6.05896067191	6.02561739665	12.0032519131	10.3928992867	5.67634171588	7.52015027327	6.06570173557	5.50823197592	10.7453516753	8.90906358926	11.4836947398	Eryth
Eryth.CD34+CD71+GlyA-.4	12.4438084932	9.34706060834	12.454108624	13.407322801	7.74351847045	8.40815184483	6.05932255796	5.20638581591	11.2153548833	9.89407780701	5.647892848	9.04693457184	5.59243785691	5.24505539579	11.9827771923	9.43645136563	11.449087222	Eryth
Eryth.CD34+CD71+GlyA-.5	12.9193403633	8.44227926972	12.2229405514	13.2676372072	6.17943804959	11.8025325746	6.24766127501	6.56380167858	11.6964373459	10.7691140687	6.97957542959	9.63618442969	5.59608015597	5.51392750843	11.6257346747	9.70283684512	11.6254441065	Eryth
Eryth.CD34+CD71+GlyA-.6	12.9497624746	8.49169669414	12.3497948094	13.4005321495	5.4309430965	8.11824047532	6.2712798159	5.36884397603	11.8366439843	10.6295185419	7.1517229906	9.85074850363	5.92048153321	5.15789263893	11.6945615481	8.86992150524	12.0179560584	Eryth
Eryth.CD34-CD71+GlyA+	13.3767320297	5.90780307598	8.08157329784	11.0075611282	5.48306346422	6.17676781705	6.34773058736	5.46208661259	9.23829247941	6.39796813686	9.02202706148	12.7225064338	5.64230937089	5.64259889203	6.62688431499	9.7905265577	12.7708126688	Eryth
Eryth.CD34-CD71+GlyA+.1	12.8680561593	5.78241599886	8.55586639397	9.6196463575	5.76045628805	7.68138383791	6.20652904801	5.82730682942	6.37354880092	6.43874125891	8.7334206964	12.4355408839	5.99007447394	6.0855804826	7.80625410473	6.95694603275	12.6650605187	Eryth
Eryth.CD34-CD71+GlyA+.2	13.448180721	5.93517600897	8.68388179391	10.9500288292	5.66945411506	6.93372417199	5.86789772943	5.82496423445	8.43256427406	6.86239609683	9.70967941053	13.0248975338	5.94137503825	5.34146762669	7.49326735042	9.62124089075	12.948563218	Eryth
Eryth.CD34-CD71+GlyA+.3	12.8267262276	6.41905903743	8.70500423265	10.4731125035	6.02901086413	8.25760366413	6.31814759646	5.65338852028	6.53314812653	6.60561182106	8.02535868963	12.0855758091	5.86096281736	5.20220329345	7.43038498435	7.44518243912	12.9586728563	Eryth
Eryth.CD34-CD71+GlyA+.4	13.1946848789	6.20944220507	8.43687519826	10.3743023053	6.43545069097	6.60455739438	5.70560518862	6.03717963798	8.38832123981	6.48535060009	9.50866684225	12.8779351549	5.56829978959	5.41517757021	8.32036427672	9.20327983335	12.8236893645	Eryth
Eryth.CD34-CD71+GlyA+.5	13.8769427236	6.0907877941	9.93048367016	11.7897794503	5.36613643003	9.73787961066	5.96893709864	7.11111887424	9.77562408855	7.6899487834	8.62981094842	13.0665556281	5.66766066578	5.7921363488	8.76180298357	10.163222565	12.1694277985	Eryth
Eryth.CD34-CD71+GlyA-	12.106319774	6.63733505299	8.49998089976	12.7760149137	5.76344036258	12.5338914956	6.66395285946	10.5331857074	9.48409520586	9.5207706546	5.52290593505	7.6094156035	5.3819233673	5.51448310402	9.7206127843	10.4379235762	11.9411548173	Eryth
Eryth.CD34-CD71+GlyA-.1	12.8204455515	9.12787819929	11.9173044451	13.2133218202	5.77537006108	12.1976450184	6.74488036072	8.92870852508	11.9308789447	10.9182267735	6.50080134086	9.90360436738	5.65320554146	5.66630070345	11.0718989447	9.01436634499	11.5964392837	Eryth
Eryth.CD34-CD71+GlyA-.2	12.7643203906	7.95549452285	11.4009611148	13.2395569032	5.61133290663	9.52607502612	6.44303029922	7.17827503681	10.6690583792	9.33176175248	6.75335884518	9.69515999659	5.63867457366	5.04745179972	10.2052846266	8.41770318564	11.5903214355	Eryth
Eryth.CD34-CD71+GlyA-.3	12.4708585586	8.72602479933	11.9892485453	13.271994873	6.2476382767	12.0390859426	6.83541792349	9.25436229181	11.5477189773	10.0711703733	6.34521708274	8.25554152179	6.08547402634	5.81150241557	11.1425697401	9.14492584484	11.4461413094	Eryth
Eryth.CD34-CD71+GlyA-.4	12.8244351634	9.70782015169	12.2415004141	13.4952060634	5.74590736629	10.9827524717	6.36106953171	6.39718032096	12.0115871837	9.98992368224	7.04512848356	9.66609711486	5.85408624881	5.44638573003	11.6567423995	9.50293659017	11.8133485007	Eryth
Eryth.CD34-CD71+GlyA-.5	12.3092346547	8.85447357798	12.0360496733	13.5326935241	5.72884020219	13.16435228	7.07110781349	11.6868605041	12.2811479852	10.282549622	6.90001381934	10.1689063904	5.80973762706	6.97291586932	11.0262614601	9.60722096668	11.5661715325	Eryth
Eryth.CD34-CD71+GlyA-.6	12.5734591016	8.95137458458	12.001030286	13.398773544	5.83801822082	10.833122732	6.25723511688	7.28401421607	12.3582061089	10.1645844304	7.00456869021	11.5143328913	5.22823635674	5.82239861662	10.9252883635	9.5721811342	12.1210875579	Eryth
Eryth.CD34-CD71-GlyA+	12.5127387202	7.75552819066	7.98008529928	11.8680351018	6.44936789433	6.13433130187	6.26615657106	6.18778103603	7.26412126037	6.40650113469	6.46722672575	12.3159968502	5.9461242675	6.05434589368	7.76570884687	6.5249491639	12.4514996653	Eryth
Eryth.CD34-CD71-GlyA+.1	12.9666194471	6.03777660987	8.18399253656	8.88281172057	6.00989490026	6.60237052242	6.23305287998	5.72658665828	8.76831186349	6.03458007323	8.27280020391	12.786205745	5.57530769017	5.47578254355	7.32297801367	6.2097699186	12.7520012697	Eryth
Eryth.CD34-CD71-GlyA+.2	12.8581548284	6.64288581776	9.78565851906	11.3788885396	5.57795217076	7.20362478477	5.96919398882	5.4710477203	10.3675980834	7.32428148004	8.83704010266	12.2717324853	5.93051143377	5.70214293254	8.18778308307	7.76031936507	12.7610295102	Eryth
Eryth.CD34-CD71-GlyA+.3	12.5049090111	6.02159116427	7.98729942912	10.7482575068	5.71364844134	6.190471334	6.21917877041	5.44552476231	7.5752333321	6.06245799942	6.47172112255	11.7748616081	5.59764675452	5.13185488926	6.05630737273	6.62396186544	11.865660481	Eryth
Eryth.CD34-CD71-GlyA+.4	13.283456636	8.00546551006	10.9590602568	12.0786462409	5.48818877001	9.6297201924	6.71053081699	5.67886354657	10.9760173924	8.424859549	7.52447759504	11.3494792945	5.54528150561	5.32188140562	9.77926349599	9.63281094893	11.7430600455	Eryth
Eryth.CD34-CD71-GlyA+.5	13.4788082294	7.9280121531	10.1375763927	11.6917915245	6.03807065434	6.17441376395	6.80810446605	5.34269785297	9.88967296274	6.79021690461	7.41177133468	11.6769105156	5.43612770652	5.21763289449	7.61905954644	10.3043053137	11.9327145242	Eryth
Eryth.CD34-CD71loGlyA+	13.0045815991	7.27238392004	8.33457200716	11.0903637416	6.11659030404	6.38161043203	5.87435527606	5.95747681335	8.54364237993	7.58644641932	7.29714184278	12.4374790035	6.02691251328	5.65267363697	6.86381150605	8.36719557406	13.0001108694	Eryth
Eryth.CD34-CD71loGlyA+.1	13.0437872825	6.1157266149	8.46070753632	10.2711507427	6.20061845595	7.79552408729	5.91369137631	5.84739090788	8.29598450014	6.94066426488	8.636503592	12.7718249616	5.54174861505	5.70753067562	8.12403494568	8.38273435615	12.7236594122	Eryth
Eryth.CD34-CD71loGlyA+.2	13.1673622558	5.73285169778	7.03485312551	8.57725786835	5.67151441479	5.70873242796	6.97930396459	5.62271422545	5.99883372806	6.14740599143	7.74502308487	12.7433028203	6.28718526309	5.61707273106	6.13806297978	6.36874775831	13.0873502744	Eryth
Eryth.CD34-CD71loGlyA+.3	12.892251905	6.14098868518	9.58094734206	11.2830656016	5.63755845289	8.70079181431	6.66366353421	6.25971653294	10.2408411612	6.28058030255	8.72391801619	12.417749898	5.57325486575	5.19972415418	7.85587460828	7.72113853812	13.0340481874	Eryth
Eryth.CD34-CD71loGlyA+.4	12.5353738266	8.31645706814	11.6938826826	13.0750627944	6.15206356535	9.14710647589	6.60837126416	5.27712751526	10.7586385349	8.13638137902	6.7343588318	11.6705155045	5.6323498119	5.1930413395	11.2935785009	8.99910949631	12.2717567359	Eryth
Eryth.CD34-CD71loGlyA+.5	13.5273436253	6.25475022519	9.66279313481	11.7702299228	5.46661883957	8.9690303803	6.56096382521	5.60220283064	9.52909716974	6.7377539	7.27797877817	12.4087558632	5.7517474025	5.21646507464	7.9535755118	9.66523924763	12.0827402726	Eryth
Eryth.CD34-CD71loGlyA+.6	13.6298909851	6.35297566505	8.87984912145	12.4367893106	5.40800778756	7.61434386135	5.97725489067	5.29960396332	9.23436892736	7.22236829843	9.41633829968	12.8948141869	5.70011861357	5.28178754456	8.25308740189	10.4885519404	12.5656494719	Eryth
GMP	10.2602891723	6.22231132478	12.0050044883	12.6765307767	8.22306121459	12.8723181343	7.2030985343	7.14507771661	11.9907463945	10.5101788887	5.9411048504	5.63078878554	6.86988364797	6.22832853525	10.0860486653	7.8632131371	10.9511195533	GMP
GMP.1	10.2813414621	6.73240720836	11.8468706174	12.6557473238	9.1748277724	11.6163029258	6.79677801067	5.57974905037	11.8309159749	9.09489897701	5.6762501821	5.73306660882	5.64810842741	6.17793183344	9.48780083137	8.94315929953	10.7836713643	GMP
GMP.2	11.3436375491	6.61690026386	11.1932910594	12.201772182	7.34144136802	9.41339436674	7.6336529896	5.85860439659	11.6352193938	7.18977658981	5.505482622	8.07595661449	5.59374228351	6.90187021056	8.73660689643	8.31618799321	10.1363999147	GMP
GMP.3	12.1822383599	7.51924151941	12.8671178079	13.1415850322	6.11891305919	11.5914634601	6.43681254107	5.95547320125	11.7213815832	10.5357256496	5.93451923849	8.80358161477	6.48030050578	6.0251556036	12.4648087609	9.30863635391	11.1259916132	GMP
Gran.(Neutro Metamyelo)	9.56923969666	6.68189027887	11.410170854	12.7766628601	5.93214960849	8.69658984289	7.20125657313	5.77247102846	11.4347542573	6.72307450156	6.06080123143	6.11671894125	5.96952102273	5.95609340242	6.95145262494	8.43470853042	10.2571253426	Gran
Gran.(Neutro Metamyelo).1	10.5955533943	6.78105396083	11.4339897369	12.0986777153	5.61764410944	9.6446853402	8.07285969122	5.97150140736	12.1645817944	6.17625544085	5.41000714678	6.47895562923	5.75879679781	8.35045155188	7.63737372675	8.40064986502	10.1954187985	Gran
Gran.(Neutro Metamyelo).2	10.6427572215	6.76832275308	11.4406212272	12.3382542551	5.57386153046	9.80149494182	8.59204129761	6.50243629496	12.0676067545	6.31819713981	5.76857318743	5.38627087398	5.43962416528	8.51575162429	7.32136247859	8.83978594784	10.2975173111	Gran
Gran.(Neutro Metamyelo).3	10.7600751253	6.90321749325	11.415401601	12.2686896825	5.5525221117	10.1867433878	8.5737702587	7.45561316829	12.1172461968	6.53543101169	5.61232221722	6.01261120112	5.54428253855	8.58300100193	7.61675344904	8.84452906324	10.3287727717	Gran
Granulo (Neutro)	8.37100527215	5.94439791155	11.0996470157	12.2401683802	5.51116486617	6.97763951862	6.98384000142	5.60988677856	10.9334443134	5.75846514066	5.20024292839	6.41457845173	5.65395479361	8.45544405588	6.12989835027	7.99203997226	10.1269527586	Granulo (Neutro)
Granulo (Neutro).1	10.7733939476	6.32191812263	11.0516119216	12.4383263828	5.53344663584	11.1321833997	7.17552110288	8.07395095532	11.5451294411	6.39001126554	5.65415899082	7.02091013896	5.49191506533	6.04359799157	7.20581030183	8.58440180179	10.6749763462	Granulo (Neutro)
Granulo (Neutro).2	10.6543526736	6.47227139661	11.3905914758	12.2210214701	5.34010547483	9.81067215777	8.13203804837	6.61209229776	11.5231613104	6.22744303638	5.37639561429	6.23618971936	5.97104061731	5.92452902304	6.74019959628	9.27787654143	10.5452598294	Granulo (Neutro)
Granulo (Neutro).3	10.0984173548	5.95105759211	11.3638467305	12.4146643267	5.65708729421	10.4856563026	8.18869063733	6.57538143464	11.6806705273	6.63169052518	5.54219917786	7.04494494001	5.78497378765	6.25352968733	6.88174195856	9.16992732517	10.4661001604	Granulo (Neutro)
HSC CD133+ CD34dim	11.6808038556	10.4559710853	12.5714698246	13.3217702746	9.32373962691	9.52342884805	6.39679713496	5.66350874944	11.9240733229	10.9387736444	5.40934500859	5.95070736949	6.2225378841	5.80811663196	10.4230934007	8.76617332987	11.6995269011	HSC CD133+ CD34dim
HSC CD133+ CD34dim.1	12.0076295321	9.83969015432	12.5468174854	13.378205459	9.09034655931	11.766682354	6.99618741543	6.63941454139	11.8832059423	10.6368455174	6.14342951497	8.2337075046	6.06329607463	5.82518630913	10.7136648057	9.21927989262	11.9984164115	HSC CD133+ CD34dim
HSC CD133+ CD34dim.2	12.0474221228	10.0343119445	12.5977773301	13.4659867289	9.62426489812	11.057358903	6.26194265415	5.95163967412	12.1346570405	10.6585367315	5.76893195624	6.51840755429	6.45112647878	5.64787073912	11.3174048513	9.73891034476	11.6883817708	HSC CD133+ CD34dim
HSC CD133+ CD34dim.3	11.8375000332	10.0457940772	12.536525403	13.3613057293	10.0747711947	10.3107377789	6.36614441465	5.4544526683	12.0270963299	10.7294187868	5.63099203416	6.15259958671	6.12692829485	6.03615405302	11.0096199329	8.96779717729	11.7224255504	HSC CD133+ CD34dim
HSC CD133+ CD34dim.4	11.413085863	10.2855365661	12.5898636714	13.3751656993	9.85718371172	9.38855557657	6.21472125426	5.22439189044	11.8974797551	10.9463140596	5.62799434438	6.02889579038	6.50592043856	6.35045055034	10.4047392087	9.16702862104	11.6601984689	HSC CD133+ CD34dim
HSC CD133+ CD34dim.5	11.0807297949	9.91235590951	12.0432530632	13.0760893236	8.76906293075	7.47745903985	6.47741719914	5.72091184178	11.6076781247	9.10103131547	5.36920819522	7.26164871084	6.09076665343	5.62733100684	10.4614965424	8.89871640083	11.0240615168	HSC CD133+ CD34dim
HSC CD133+ CD34dim.6	11.7440612546	10.4027685543	12.6420849086	13.4100130097	9.0751694464	9.76630757269	6.29917714054	5.3933271521	11.8653961398	10.5277059584	5.65704722019	6.32197554527	6.60624543987	6.28853147092	10.5785168165	9.00923374668	11.4946332945	HSC CD133+ CD34dim
HSC CD133+ CD34dim.7	11.9748140014	10.2676780077	12.4479637853	13.2349211002	8.73871730954	9.12844773676	6.20707503427	5.52022192184	11.8999977358	10.6587383969	6.09558406358	6.28774204101	7.31233900752	5.95783597608	10.6740958815	8.96752014531	11.398547846	HSC CD133+ CD34dim
HSC CD133+ CD34dim.8	11.7994895779	10.2456669063	12.5018811851	13.3887950852	9.49373416418	9.17686289013	6.19078777365	5.58913617677	12.0963500941	10.9218317417	5.65601409294	6.77336256338	6.58524528296	5.87705885617	10.8549853606	9.01644409234	11.5758925747	HSC CD133+ CD34dim
HSC CD133+ CD34dim.9	11.5404828393	10.7019091276	12.17171691	13.4954492392	9.319914894	9.53657331621	6.77799838056	5.29522368887	10.7228762921	10.8136796697	5.53374324406	6.06828014551	6.5165359615	5.902500792	9.62021694529	9.76971181318	12.0280611373	HSC CD133+ CD34dim
MEP	12.1772902216	9.55231112644	12.5291937891	13.4081827991	8.35145614895	10.932733877	6.30203866071	5.67252671081	11.9230814702	11.0615833977	6.29409546631	8.47137355126	6.24808439261	5.53849821168	11.4767263649	9.35706046427	11.4133819691	MEP
MEP.1	12.3108985819	9.42139658805	12.3857609724	13.331505149	8.24752030794	10.6561915152	6.172175946	5.30045493582	12.0848521752	10.7886766808	5.58006512434	9.08388693848	6.29857428659	5.44717546358	11.2614759643	9.45024884432	11.595946325	MEP
MEP.2	12.4220779413	9.78266582162	12.2528355577	13.3414717514	8.37548336434	10.3631637545	6.40456048897	5.11401635752	12.2029993169	10.9593503043	6.30408034993	8.67411191649	6.6739390093	5.30416482426	11.3500760258	9.29694431025	11.5524494002	MEP
MEP.3	12.4481238437	9.56122357252	12.5672983914	13.5602065729	7.91114650911	11.3407263898	6.09209333974	5.55243209385	11.784668093	11.1043873872	6.38531862575	9.33401977505	5.87635192275	6.09063599061	11.7828422634	9.3867273693	11.8156952654	MEP
MEP.4	12.2897208374	8.39826088092	12.0481527385	13.6238918042	6.25700220489	9.89657069279	7.17756188866	5.52607397089	11.3983392025	10.445060132	6.2827090063	9.57467182508	5.86766832887	5.25934253004	11.1100250977	7.98884334537	11.3889860543	MEP
MEP.5	12.2164537055	8.88542794428	12.6348430585	13.5314980357	7.7738900217	10.0198997722	5.92622415459	5.58893387014	11.8489065261	10.3903619487	6.00937326844	9.16655807525	6.65842836666	5.73201861558	11.673206444	9.11956543536	11.5921602799	MEP
MEP.6	12.6588647102	7.8148634658	12.3615470126	13.3195907628	7.26510068338	8.99216603466	6.13799597795	5.30209949318	11.7012739954	9.62877933568	6.07864644979	9.06047491817	5.98319219978	5.40302801887	11.4305875226	8.74090456	11.4476855757	MEP
MEP.7	12.7672161593	8.39571386116	12.5371910341	13.4539568362	6.19913262983	8.99858647863	6.17386557994	5.32425847591	11.8583793762	10.2895180114	6.24441058503	9.42678397711	6.07792697775	5.32653185298	11.8578087205	9.1739043161	11.578854018	MEP
MEP.8	12.2963729043	8.55401997466	12.1231089288	12.9682366685	6.62077581526	10.0334784931	6.03669639668	5.92063144192	11.6554650253	10.2494023616	5.62559778111	9.69894958646	6.21856601354	5.36010320197	10.9174374031	8.57692526828	11.7285753808	MEP
Megakaryocyte	11.2652375695	7.67792187602	11.1446778284	12.557502764	5.40659839641	9.65810267947	6.80886809128	5.9165220368	11.0298162825	8.68382820711	5.72840802737	7.16585169222	6.14142811527	6.10821849445	9.39845352878	7.24541842335	10.4351095124	Megakaryocyte
Megakaryocyte.1	13.2519236228	9.92843058097	10.3329567925	11.3242239165	5.52114166233	6.38125633833	6.14465248438	5.50068168584	9.86162517023	6.32363753332	5.96465102073	7.54343162188	6.4272859032	5.43182572126	8.95175219938	7.26218736529	9.62660995915	Megakaryocyte
Megakaryocyte.2	13.5078284797	10.2543295916	11.5625024785	12.146469494	5.58940887644	9.64815413951	6.10179948365	6.12888158152	11.2612265324	7.45936818459	6.50379598095	8.64276201158	5.31110445934	5.30731274534	10.1066703474	8.20350243193	11.142736578	Megakaryocyte
Megakaryocyte.3	13.0595438762	9.60647834954	11.2937512527	12.3149238805	5.64588859079	6.83861690907	6.38201838448	5.51726081858	10.0499973233	7.07933112458	5.65688100982	8.74721765545	6.01564114443	5.1742216656	8.38413595678	7.70348276977	9.76787545772	Megakaryocyte
Megakaryocyte.4	12.3880480693	8.65124082289	10.8720993181	11.8613995199	5.50815493738	7.50490813149	6.79275971197	6.44055840481	10.2652972241	6.85536337435	5.71572339653	8.82096534069	5.67051935545	5.39013084638	8.81873237834	7.75349816609	10.0754194206	Megakaryocyte
Megakaryocyte.5	11.7173050872	6.5626688108	10.820516016	12.4866947158	5.50483027926	6.88434043396	6.36119497283	5.65093287982	10.700408004	8.28329785631	6.46515864595	8.99699325353	5.73492033998	5.24992561007	7.86361966413	7.4210252484	10.3469382549	Megakaryocyte
Megakaryocyte.6	11.7876703381	7.67784262973	9.99753183354	10.8851093889	5.49598296158	8.99404349353	7.64147421138	6.62895108321	9.84888917845	6.15028762013	6.10604235706	8.94419570097	6.6002526484	5.958798557	7.41137995179	6.73228390622	9.39672813701	Megakaryocyte
Monocyte	8.39868692288	5.45899667939	11.5294946405	12.406965781	6.52359962452	7.8576738817	7.74321250283	5.77080142588	12.1475372844	5.72261223418	5.27888680866	6.57634109708	5.33621935715	7.98613772099	6.45982627625	8.26543960231	10.2486299752	Monocyte
Monocyte.1	8.15556972197	5.4233431658	11.6791393749	12.397125934	6.88601592352	6.24207194903	8.11719634089	5.26780947781	12.3579417243	5.98401628667	5.17904487738	6.57730557982	5.499146403	8.33155818069	5.68020246007	8.34854649928	10.4141609421	Monocyte
Monocyte.2	8.90844317131	5.85582264135	11.3883553917	12.2105134035	6.19117393654	7.45473205466	7.81731777802	5.8743046975	12.3055403817	6.0240149967	5.40472084733	6.30895412915	5.70464101653	8.04779503388	6.66251968396	8.45451673265	10.0547067765	Monocyte
Monocyte.3	8.67344024046	5.92644306465	11.5416059376	12.2562316013	7.19375248419	7.5520929189	7.35929200485	5.60687268278	12.0887469509	5.79755180458	5.44368470237	6.53847445338	5.61427963199	8.05757241837	6.38694225036	7.73448482165	9.75140255013	Monocyte
Monocyte.4	9.60189374119	5.95573052687	10.9964472425	11.6342595965	5.48541577801	10.6073193701	8.07897569849	8.42397502671	11.3400568873	6.66026035384	5.49738478028	6.75512987962	5.77171316742	8.06284461944	6.92030931926	7.53147550994	9.42526461726	Monocyte
Myeloid DC	7.07711731113	5.4900184773	11.0628991932	12.548704962	9.96016003161	5.57807812599	7.43509119503	5.25028092449	11.6969460268	7.12322682955	5.25886485759	6.60455955208	5.6600588063	5.96787687551	5.87427689757	8.48023554772	10.7836636618	Myeloid DC
Myeloid DC.1	6.50332470622	5.73399133129	11.1601907705	12.5790761098	9.55833249561	5.63815083127	7.27821373296	5.13122193684	11.72055047	6.42424425107	5.38043341171	6.49229427864	5.56485080129	5.77073878005	5.68822954406	8.28290926481	10.7482498553	Myeloid DC
Myeloid DC.2	6.81771697239	5.64448764301	10.6139481633	12.5364329086	9.36604926876	5.59348468639	7.73669409541	5.37542588841	11.6822120075	6.73259578568	5.49550702595	6.41490579197	5.90742760359	6.08286351452	6.34392753349	8.09794337398	10.2415910327	Myeloid DC
Myeloid DC.3	6.75728182508	5.26933717847	10.5736080068	12.5842128176	9.70669929135	5.86807937521	7.58397769898	5.45177076116	11.240993176	7.44406995479	5.60407620073	6.71988920977	5.36492908057	5.60662251936	6.05688860131	7.64166757722	10.3344128992	Myeloid DC
Myeloid DC.4	6.65832595469	5.56369030098	10.0910250376	12.5743925971	8.92507359276	5.44289902108	7.26532565788	5.56190381563	11.0538449317	6.7196501926	5.68660779829	8.19097400793	5.67783077703	5.55764570133	5.52052648485	6.74934458319	9.15864289475	Myeloid DC
NK CD56+CD16+	6.30418296041	6.05221010593	11.0669697641	12.6845612674	5.30035350265	5.2267572718	6.30706669564	5.48164398143	10.6302198704	5.79727961918	5.45861567521	7.25088911221	5.82049526425	5.12012809857	5.54707246315	8.6654942992	10.0326214687	NK CD56+CD16+
NK CD56+CD16+.1	6.74541628447	5.77711586706	11.2356265577	12.6061349642	5.26569331262	5.45260442563	6.18836365438	5.3304031376	10.3860432508	5.51464373925	5.56513779583	7.611720255	5.72712590439	5.27181803887	5.63678959247	8.26500582903	9.7626040723	NK CD56+CD16+
NK CD56+CD16+.2	6.45565729316	5.70398449717	11.6056562089	12.7471512216	5.42311090744	5.17909385585	5.76720168759	5.4673239871	10.1086151276	6.02505203304	4.96012028105	6.49788370774	5.53403768562	5.07659786984	5.84232014446	9.50622425719	10.984388091	NK CD56+CD16+
NK CD56+CD16+.3	6.65619294302	5.80974850588	11.0095792019	12.6426826114	5.2495770478	5.40138328552	6.0121105128	5.35067008204	10.0887170465	5.62248939106	5.29613923785	6.90547417756	5.80211128694	5.14649624832	5.85400181735	8.67748927391	9.87484117309	NK CD56+CD16+
NK CD56+CD16+.4	6.40584121396	5.61750944171	11.8054498309	12.7553531434	5.47918274428	5.29752070425	6.18851105539	5.22591035842	10.3726325501	5.6907027881	5.4557926404	7.34935503371	5.66391022595	5.01866770438	5.72877836467	9.1160030157	9.97196444195	NK CD56+CD16+
NK CD56-CD16+	6.78185186734	5.35455634913	10.1797781822	11.6767163573	5.42928568892	5.26561252956	8.09954394842	5.27166442362	10.2350700875	5.69957030879	5.40845528895	7.15287768913	5.73380063992	5.45489319758	5.60276974972	8.24777576266	10.4869454003	NK CD56-CD16+
NK CD56-CD16+.1	7.01713182484	5.42801350427	9.7812578309	11.8808954677	5.46666273649	5.1067076033	8.28424582886	5.28205168558	9.84677033396	5.56987110456	5.34906256873	7.07606679244	5.83088713948	5.28916582285	6.43348146336	8.47737088107	11.0882229696	NK CD56-CD16+
NK CD56-CD16+.2	6.82628338061	5.36066104592	10.2327216125	11.9025075595	5.4263307024	5.42910831426	8.60659203383	5.16039112015	10.8711814344	5.84140341553	5.58172327409	6.34870253182	5.81825851842	5.91394064909	5.83091532029	9.05668474829	11.0148907712	NK CD56-CD16+
NK CD56-CD16+.3	6.37191413417	5.5118040463	8.97253931363	11.4257398763	5.43365166274	5.42205133215	7.97396250336	5.45964245704	9.18884515369	5.41063848665	5.51145477446	8.71261093046	6.02538744561	5.41016901111	5.59333040045	7.07857415807	10.0550939201	NK CD56-CD16+
NK CD56-CD16-	6.27478878995	5.80753610131	9.21808907518	12.8612194344	5.56677227047	5.42154501319	6.30827717008	5.52732867147	10.0401613713	8.0002443412	5.52110516994	7.3131917899	6.07045381546	5.08597853427	5.55191223272	7.8688089302	9.1685623939	NK CD56-CD16-
NK CD56-CD16-.1	6.83208068047	5.87983119919	10.1055107857	12.8649243115	5.43566112785	5.5331808729	6.03584517875	5.23577029393	10.5242402427	9.10569161828	5.38059180489	6.44778655497	6.02397719865	4.98580325717	5.89258265537	8.7733580381	9.94943040179	NK CD56-CD16-
NK CD56-CD16-.2	6.34501081516	5.9203593882	9.89264595874	12.7864718588	5.66672276549	5.38335026688	6.38694750617	5.31608263466	9.87476423636	7.19049795568	5.90677909646	7.90068820337	6.04371352119	5.03759611951	5.79270739744	8.52059500194	9.56417346703	NK CD56-CD16-
NK CD56-CD16-.3	6.71391843784	6.33072974778	10.1742267712	12.5395144846	5.40583673302	5.94168910576	5.71176621427	5.31649635603	10.836600645	10.200621633	5.13844289165	6.62305550762	5.68800158708	4.97334529837	6.31858474171	8.94420408661	9.27791900048	NK CD56-CD16-
NK CD56-CD16-.4	7.46101753651	5.90020609255	8.74663918982	12.9203282388	5.7184100679	5.98167910404	6.5084268996	5.53958076886	9.24037438811	8.0055201269	5.80221105535	8.80361984598	5.95716642522	5.20268122405	6.32655062862	7.00854392657	9.02129946482	NK CD56-CD16-
NKT	7.14444410268	5.91926982383	7.97224547288	12.1562948638	5.3454660803	5.31261580443	8.12163294808	6.00578572795	9.11888104557	5.50330178778	6.2447830103	9.01210691392	6.13954730132	5.74252285815	6.13109385651	5.10749367715	9.63682613293	NKT
NKT.1	6.82286098808	5.13803854568	9.92481018459	12.0226124704	5.76089359109	5.55080113026	8.701698305	5.32199969169	10.1852839552	5.64087750757	5.31291838659	7.07978634133	5.61848295081	5.23939994223	6.298664332	8.61201307633	11.6379012538	NKT
NKT.2	6.34521754163	5.70752372504	10.8946884998	12.9140432897	5.45370179191	5.24571751645	6.35606859657	5.37679187644	9.33774886389	6.32340420667	5.41380259474	6.89025759513	5.73795651471	5.14919789756	5.80284065427	7.50838671166	10.3138262339	NKT
NKT.3	7.13616442595	5.82575077374	9.78259604508	12.5335502491	5.42422950026	5.17340344227	6.43556890569	5.72033768998	7.79812257755	6.33243084607	5.85220432243	8.20530916491	6.5948646697	5.34682355445	6.01633223326	5.68173437233	9.29798949543	NKT
Naive B-cells	6.83868662167	5.5838830564	10.977707687	13.0425251104	5.56188432695	6.06048507821	6.50598832126	5.14346724332	10.6251383838	5.98203564761	5.55958906228	5.14306459447	5.53684892463	5.19704623109	5.82444786164	8.17155472386	10.5499492128	Naive B-cells
Naive B-cells.1	6.50655345306	5.55243581914	10.7199426314	13.2118659065	5.57739345261	5.68277252063	5.95875224482	5.15716945371	10.4831720394	6.02541185041	5.57941946287	5.98298323072	5.26896269759	5.21506040177	5.84743931061	8.09997740613	10.6030371863	Naive B-cells
Naive B-cells.2	6.89028822564	5.1891103615	10.6974153491	13.012351001	5.38460054381	5.8855629302	6.55024767044	5.55341607311	10.9139916568	6.12898353887	5.29515825921	5.142846506	5.85674470751	5.37691268825	6.07652413114	7.73409777496	10.488397778	Naive B-cells
Naive B-cells.3	6.81679164119	5.33423707439	10.5985340667	13.0468256565	5.99694621141	6.08867877476	6.15005390014	5.22110364469	10.1614908735	6.14726532889	5.53127638569	5.18968372997	5.49090910876	5.14356824985	5.8214363806	8.0604969023	10.799385431	Naive B-cells
Naive B-cells.4	6.61586198786	4.97684068967	10.7691974806	13.1646320328	5.7541883122	5.89513954659	6.52536749995	5.13184378827	10.4718405087	5.98265726905	5.37138621433	4.97700017419	5.53813704555	5.40087010581	5.83793456672	8.10435508634	10.866995935	Naive B-cells
Naive CD4+ T-cell	7.01913771679	5.57320474018	11.5130956781	12.8353695617	5.48727502413	5.74763922621	6.04480954161	5.19179062443	10.0018083716	6.39897251894	5.66116974795	6.68249641442	6.36174551136	4.85874879139	6.35855027025	7.84720276761	10.9815253639	Naive CD4+ T-cell
Naive CD4+ T-cell.1	7.6168298004	6.24473135295	11.0798081577	12.7831417358	5.7456042009	5.38630262728	6.16471087411	5.5455038145	9.53075898095	5.67296535637	5.40948582908	6.80071659894	6.47163395268	5.10065504723	6.46439533899	6.85053788296	10.5064536086	Naive CD4+ T-cell
Naive CD4+ T-cell.2	6.87719162866	6.48489515295	11.7050518989	13.0601792544	5.83176753569	6.2495699539	5.81362254922	5.57390370238	10.3070041637	6.1043523565	5.92960696949	5.13674841325	5.9628585891	5.82581501946	6.48663902301	8.71855108447	11.0865218112	Naive CD4+ T-cell
Naive CD4+ T-cell.3	7.06217304132	5.92749458718	11.5786391608	13.2073268475	5.35212818067	5.9019901671	6.04648688108	5.45845401494	10.2444981419	5.75848396189	5.28534403884	5.80132833818	6.3172667612	5.43145720619	6.14005149639	8.34209571909	11.4713849691	Naive CD4+ T-cell
Naive CD4+ T-cell.4	6.60059474249	5.58121677503	11.6404481682	13.2994751594	5.32543203202	5.61688805425	6.04549889169	5.20883983133	9.31224202994	5.7773910647	5.4290372431	6.71927711025	6.16664018673	5.11978856361	6.01252685842	7.44023704375	11.0261033801	Naive CD4+ T-cell
Naive CD4+ T-cell.5	6.6668032952	5.21366287693	11.8285638759	13.2522393643	5.33575324494	5.84444828587	5.49867376311	5.68231038523	9.81083854661	5.9492984061	5.59986743346	5.31888618191	6.36752486817	5.3859316862	6.12894946999	8.64993609137	11.3957754187	Naive CD4+ T-cell
Naive CD4+ T-cell.6	6.48504561633	5.32259277168	11.4348197286	13.1509111793	5.43798843909	5.63194592989	6.13275549869	5.20619824693	9.31807631701	5.53804879642	5.37567205071	6.48549174442	6.75699711291	5.05019160234	6.00959947811	8.25659179569	10.9718814319	Naive CD4+ T-cell
Naive CD8+ T-cell	7.47710388249	6.01779466883	11.2630503444	12.8071081769	5.42816794259	5.34785609863	5.98528424866	5.12657953488	10.0847113874	6.19256115137	5.09438881925	6.52712244315	5.91253861846	5.03894870899	6.21303635463	7.6439899832	10.6635175977	Naive CD8+ T-cell
Naive CD8+ T-cell.1	7.57367697773	5.94086596525	10.9647591139	12.654509406	5.76997040212	5.52318197622	6.15861770578	5.57262508028	9.61319512319	5.8669940364	5.21906467294	6.65731914115	6.10746150736	5.30150600849	6.05341792715	7.13985805302	10.8459320844	Naive CD8+ T-cell
Naive CD8+ T-cell.2	6.31194283916	5.42560021609	11.1921565948	13.127720053	5.39255472868	6.0451329144	5.30084344278	5.66722837863	10.6680131604	5.95847474549	6.03157713948	5.03980653899	6.58489180735	5.2849801139	5.68500388151	8.03392451849	11.1564949668	Naive CD8+ T-cell
Naive CD8+ T-cell.3	5.84414000052	5.07042292422	11.4272900122	13.2861626952	5.50817529362	5.97982724919	5.20469237249	5.47173867179	10.008692675	5.94642204745	5.48941084493	5.67519836109	6.8584935411	5.44101445778	6.27315568209	8.2491311428	11.3238404087	Naive CD8+ T-cell
Naive CD8+ T-cell.4	5.97210690327	5.59923369963	11.6040551727	13.2447300373	5.49831678741	5.59074133753	5.0890328868	5.07920357627	9.88000255881	5.55423370237	5.46184945907	5.31327049522	6.86234054347	5.19568330135	5.64352850338	8.13700690531	11.4704497139	Naive CD8+ T-cell
Naive CD8+ T-cell.5	6.48478448263	5.38985165517	11.4691555345	13.2686108707	5.3382345325	5.74509047192	5.59801783943	5.30530887308	9.58190728126	5.88788992988	5.33905526769	6.49976006988	6.38717019635	5.06433967891	6.27251970786	7.8958432892	11.4903976031	Naive CD8+ T-cell
Naive CD8+ T-cell.6	6.67585594547	5.59361502353	11.0530427801	13.3003906532	5.51262543841	5.38873352872	5.78775506665	5.17975431404	10.2657681993	5.48922473732	5.26162215598	6.35234829357	7.15515359588	5.18330076876	5.77451531205	8.17524919677	11.0663293532	Naive CD8+ T-cell
Plasmacytoid DC	7.82123895782	6.72024141656	10.5636288843	11.8911215474	8.55195433125	6.18859248332	6.23437433814	5.54782847539	11.2491519299	6.74107119445	5.36276055418	6.70518661451	5.48418702	5.29372300811	6.36039663914	7.24027986812	10.6923576698	Plasmacytoid DC
Plasmacytoid DC.1	6.59595109101	5.82034990577	9.98363123166	12.769411097	8.07586489435	5.42625341182	6.4844864349	5.40109415323	10.8022376811	6.26222208163	5.8210133199	8.65898133305	6.11339701981	5.51092180208	5.88256944007	6.66137793464	9.56245508251	Plasmacytoid DC
Plasmacytoid DC.2	6.47215480244	5.69691200327	9.30116912892	12.1614760515	7.23601541883	5.08177222269	6.51146708394	5.35859742762	10.3096987037	5.94322998163	5.5058012213	8.60388964181	5.71765338703	5.17399278399	5.98421120302	5.83570928537	8.42063298157	Plasmacytoid DC
Plasmacytoid DC.3	7.45998557713	6.06390740073	10.1108556404	12.5497759794	8.37694109209	5.66260494311	6.33270727419	5.49878142611	10.1543647765	5.88182634884	5.77129541865	6.97834334379	5.61575169518	5.11919314825	9.14620149575	7.34819514946	10.0315531655	Plasmacytoid DC
Plasmacytoid DC.4	7.67687207117	6.21555137113	7.95656210819	12.6746545186	6.64594049602	5.52175856725	7.47424775885	5.91305185937	9.44874604368	5.57548953176	5.8198345322	8.45237247885	6.63447247904	6.22539182978	5.79210723172	5.13854201374	7.70698665085	Plasmacytoid DC
Pro B-cell	8.55787885655	6.42127167182	10.1915074595	11.9091719464	5.46208355862	6.03936757724	6.20679526346	5.96699983807	9.60834643712	6.38606660903	5.35284784753	6.80222745367	7.11045894509	5.28440548088	5.99167860258	8.34025479246	10.2964519278	Pro B-cell
Pro B-cell.1	8.25963195454	5.87304535868	9.59733460309	12.1316099686	5.6748559264	5.5876995867	7.26964643826	5.85177534101	9.81246002091	5.85096329172	5.32213255135	6.76770856876	6.01344322652	5.22001083491	6.01403169027	7.41501232226	9.49375779218	Pro B-cell
Pro B-cell.2	8.27503946718	8.08433249072	6.9429065982	11.9254778231	5.7194958017	6.43828485521	7.98801312301	5.80504872467	9.83107863663	6.74995923582	5.75830970351	7.28478508988	6.07099200371	5.59346351119	6.61582252043	7.90841757209	7.30402978031	Pro B-cell
Pro B-cell.3	8.3427548229	5.92857883161	9.55110108012	11.4993678908	5.69285348318	6.56550815006	6.52508780571	5.86929084033	8.72625478289	5.88613978311	5.48044329551	8.52236726354	5.9229955918	5.64006238158	5.86383279898	6.40694438028	9.2970231758	Pro B-cell
Pro B-cell.4	11.2210981777	6.54174980576	10.6165218815	12.2458923909	5.75470663044	10.4115358906	7.71619413287	8.63632993275	9.6435634581	6.61448365062	5.33245677572	9.41204756972	5.94078533301	5.59152542055	6.55881851235	7.56916960191	10.1484388338	Pro B-cell
